{
  "real-world": [
    {
      "title": "Spore",
      "desc": "Create, Spread, and Monetize anything on chain",
      "preview": "https://spore.pro/",
      "previewImage": "https://spore.pro/img/ogp.png",
      "github": "https://github.com/sporeprotocol/spore-demo"
    },
    {
      "title": "Mail3",
      "desc": "Connect wallet to get a mail system designed for web3 natives",
      "preview": "https://app.mail3.me/",
      "previewImage": "https://mail3.me/preview2.png",
      "github": "https://github.com/mail3protocol/mail3-web-client"
    },
    {
      "title": "Donate3",
      "desc": "Donate3 is a web3 donation tool. It enables public goods and creators to set up donations in just 5 minutes.",
      "preview": "https://www.donate3.xyz/donate3",
      "previewImage": "https://www.donate3.xyz/images/heroShow.png"
    },
    {
      "title": "FlyCat",
      "desc": "nostr client to Exit Toxic Internet",
      "preview": "https://flycat.club/",
      "previewImage": "https://i.imgur.com/DMlvWzC.png",
      "github": "https://github.com/digi-monkey/flycat-web"
    }
  ],
  "demo": [
    {
      "title": "JoyID EVM demo",
      "desc": "EVM multi-chain demo with JoyID EVM SDK",
      "preview": "https://joyid-evm-demo.vercel.app/",
      "previewImage": "https://opengraph.githubassets.com/828cab4b745499200fc0d3353e047a90e6d8c17ebcc78e6c4b47c4d6fc383d5a/nervina-labs/joyid-evm-demo",
      "github": "https://github.com/nervina-labs/joyid-evm-demo"
    },
    {
      "title": "JoyID RainbowKit demo",
      "desc": "EVM multi-chain demo with RainbowKit",
      "preview": "https://joyid-rainbow-kit-demo.vercel.app/",
      "previewImage": "https://opengraph.githubassets.com/3f5e21b211770cb4395098c429512235f77dc53c287b36b4c54ef109b40ca8bf/nervina-labs/joyid-rainbow-kit-demo",
      "github": "https://github.com/nervina-labs/joyid-rainbow-kit-demo"
    },
    {
      "title": "JoyID Ethers.js demo",
      "desc": "EVM multi-chain demo with Ethers.js",
      "preview": "https://joyid-evm-demo-git-ethers-nervina.vercel.app/",
      "previewImage": "https://opengraph.githubassets.com/828cab4b745499200fc0d3353e047a90e6d8c17ebcc78e6c4b47c4d6fc383d5a/nervina-labs/joyid-evm-demo",
      "github": "https://github.com/nervina-labs/joyid-evm-demo/tree/ethers"
    },
    {
      "title": "JoyID Wagmi demo",
      "desc": "EVM demo with Wagmi",
      "preview": "https://codesandbox.io/p/sandbox/joyid-wagmi-demo-2y6lv4?file=%2Fsrc%2Fprovider.tsx%3A15%2C1-16%2C1",
      "previewImage": "https://screenshots.codesandbox.io/2y6lv4/4.png"
    },
    {
      "title": "JoyID React demo",
      "desc": "EVM demo with React and JoyID EVM SDK",
      "preview": "https://codesandbox.io/p/sandbox/react-joyid-evm-send-transaction-83hjjy?file=%2Fsrc%2FApp.tsx%3A1%2C1",
      "previewImage": "https://screenshots.codesandbox.io/2y6lv4/4.png"
    },
    {
      "title": "JoyID Vue demo",
      "desc": "EVM demo with Vue and JoyID EVM SDk",
      "preview": "https://codesandbox.io/p/sandbox/vue-joyid-evm-send-transaction-8tp5dz?file=%2Fsrc%2Fcomponents%2FSendTransaction.vue%3A1%2C1",
      "previewImage": "https://screenshots.codesandbox.io/rwk4ss/0.png"
    }
  ]
}
